,average_judges,average_follows,average_contradicts,number_of_unconneced_graphs,number_of_triangles,number_of_nodes,number_of_edges,average_clustering,average_shortest_path
0,1.0,0.30663097153107327,0.3066309296215574,1.0,7.0,32.0,42.0,0.2203525641025641,3.125
1,1.0,0.05780822038650513,0.05780825507827103,1.0,8.0,34.0,45.0,0.159640522875817,4.739750445632799
2,1.0,-0.031298816204071045,-0.031298888517388455,4.0,7.0,40.0,46.0,0.22211538461538463,1.7046370967741935
3,1.0,0.2218757967154185,0.22187580711518726,2.0,7.0,36.0,45.0,0.12257834757834758,2.1033868092691623
